{
  "best_epoch": 13,
  "test": {
    "accuracy": 0.582089552238806,
    "balanced_accuracy": 0.5125448028673835,
    "confusion_matrix": [
      [
        27,
        3,
        1
      ],
      [
        13,
        3,
        2
      ],
      [
        3,
        6,
        9
      ]
    ],
    "confusion_matrix_normalized": [
      [
        0.8709677419354839,
        0.0967741935483871,
        0.03225806451612903
      ],
      [
        0.7222222222222222,
        0.16666666666666666,
        0.1111111111111111
      ],
      [
        0.16666666666666666,
        0.3333333333333333,
        0.5
      ]
    ],
    "macro_f1": 0.5099099099099099,
    "per_class_recall": [
      0.8709677419354839,
      0.16666666666666666,
      0.5
    ]
  },
  "test_balanced_accuracy": 0.5125448028673835,
  "train": {
    "accuracy": 0.7075928917609047,
    "balanced_accuracy": 0.6537062941591706,
    "confusion_matrix": [
      [
        286,
        47,
        9
      ],
      [
        26,
        87,
        59
      ],
      [
        6,
        34,
        65
      ]
    ],
    "confusion_matrix_normalized": [
      [
        0.8362573099415205,
        0.13742690058479531,
        0.02631578947368421
      ],
      [
        0.1511627906976744,
        0.5058139534883721,
        0.3430232558139535
      ],
      [
        0.05714285714285714,
        0.3238095238095238,
        0.6190476190476191
      ]
    ],
    "macro_f1": 0.6415499533146591,
    "per_class_recall": [
      0.8362573099415205,
      0.5058139534883721,
      0.6190476190476191
    ]
  },
  "val": {
    "accuracy": 0.5595238095238095,
    "balanced_accuracy": 0.5478312537136066,
    "confusion_matrix": [
      [
        30,
        18,
        7
      ],
      [
        4,
        4,
        4
      ],
      [
        1,
        3,
        13
      ]
    ],
    "confusion_matrix_normalized": [
      [
        0.5454545454545454,
        0.32727272727272727,
        0.12727272727272726
      ],
      [
        0.3333333333333333,
        0.3333333333333333,
        0.3333333333333333
      ],
      [
        0.058823529411764705,
        0.17647058823529413,
        0.7647058823529411
      ]
    ],
    "macro_f1": 0.5056764081154325,
    "per_class_recall": [
      0.5454545454545454,
      0.3333333333333333,
      0.7647058823529411
    ]
  },
  "val_balanced_accuracy": 0.5478312537136066
}