{
  "best_epoch": 7,
  "test": {
    "accuracy": 0.6026200873362445,
    "balanced_accuracy": 0.621676891615542,
    "confusion_matrix": [
      [
        376,
        276
      ],
      [
        88,
        176
      ]
    ],
    "confusion_matrix_normalized": [
      [
        0.5766871165644172,
        0.4233128834355828
      ],
      [
        0.3333333333333333,
        0.6666666666666666
      ]
    ],
    "macro_f1": 0.582727618589936,
    "per_class_recall": [
      0.5766871165644172,
      0.6666666666666666
    ]
  },
  "test_balanced_accuracy": 0.621676891615542,
  "train": {
    "accuracy": 0.6545227698066126,
    "balanced_accuracy": 0.6897576122131336,
    "confusion_matrix": [
      [
        3844,
        2315
      ],
      [
        454,
        1402
      ]
    ],
    "confusion_matrix_normalized": [
      [
        0.6241272933917844,
        0.37587270660821565
      ],
      [
        0.24461206896551724,
        0.7553879310344828
      ]
    ],
    "macro_f1": 0.6191707202623696,
    "per_class_recall": [
      0.6241272933917844,
      0.7553879310344828
    ]
  },
  "val": {
    "accuracy": 0.5945716709075488,
    "balanced_accuracy": 0.6254121018958645,
    "confusion_matrix": [
      [
        505,
        388
      ],
      [
        90,
        196
      ]
    ],
    "confusion_matrix_normalized": [
      [
        0.5655095184770437,
        0.43449048152295633
      ],
      [
        0.3146853146853147,
        0.6853146853146853
      ]
    ],
    "macro_f1": 0.5646690767519467,
    "per_class_recall": [
      0.5655095184770437,
      0.6853146853146853
    ]
  },
  "val_balanced_accuracy": 0.6254121018958645
}