{
  "best_epoch": 26,
  "test": {
    "accuracy": 0.6779141104294478,
    "balanced_accuracy": 0.6075893340947381,
    "confusion_matrix": [
      [
        299,
        28,
        8
      ],
      [
        88,
        56,
        30
      ],
      [
        28,
        28,
        87
      ]
    ],
    "confusion_matrix_normalized": [
      [
        0.8925373134328358,
        0.08358208955223881,
        0.023880597014925373
      ],
      [
        0.5057471264367817,
        0.3218390804597701,
        0.1724137931034483
      ],
      [
        0.1958041958041958,
        0.1958041958041958,
        0.6083916083916084
      ]
    ],
    "macro_f1": 0.6127318187616695,
    "per_class_recall": [
      0.8925373134328358,
      0.3218390804597701,
      0.6083916083916084
    ]
  },
  "test_balanced_accuracy": 0.6075893340947381,
  "train": {
    "accuracy": 0.7947718785517129,
    "balanced_accuracy": 0.7750774224401696,
    "confusion_matrix": [
      [
        2963,
        363,
        74
      ],
      [
        255,
        1031,
        406
      ],
      [
        8,
        158,
        901
      ]
    ],
    "confusion_matrix_normalized": [
      [
        0.8714705882352941,
        0.10676470588235294,
        0.02176470588235294
      ],
      [
        0.15070921985815602,
        0.609338061465721,
        0.23995271867612294
      ],
      [
        0.007497656982193065,
        0.14807872539831302,
        0.8444236176194939
      ]
    ],
    "macro_f1": 0.7553672328591722,
    "per_class_recall": [
      0.8714705882352941,
      0.609338061465721,
      0.8444236176194939
    ]
  },
  "val": {
    "accuracy": 0.7010078387458006,
    "balanced_accuracy": 0.6563990965149532,
    "confusion_matrix": [
      [
        410,
        101,
        32
      ],
      [
        30,
        79,
        50
      ],
      [
        9,
        45,
        137
      ]
    ],
    "confusion_matrix_normalized": [
      [
        0.7550644567219152,
        0.1860036832412523,
        0.058931860036832415
      ],
      [
        0.18867924528301888,
        0.4968553459119497,
        0.31446540880503143
      ],
      [
        0.04712041884816754,
        0.2356020942408377,
        0.7172774869109948
      ]
    ],
    "macro_f1": 0.6354546398286564,
    "per_class_recall": [
      0.7550644567219152,
      0.4968553459119497,
      0.7172774869109948
    ]
  },
  "val_balanced_accuracy": 0.6563990965149532
}