{
  "best_epoch": 26,
  "test": {
    "accuracy": 0.4432314410480349,
    "balanced_accuracy": 0.43302789802789804,
    "confusion_matrix": [
      [
        192,
        67,
        141
      ],
      [
        96,
        47,
        109
      ],
      [
        76,
        21,
        167
      ]
    ],
    "confusion_matrix_normalized": [
      [
        0.48,
        0.1675,
        0.3525
      ],
      [
        0.38095238095238093,
        0.1865079365079365,
        0.43253968253968256
      ],
      [
        0.2878787878787879,
        0.07954545454545454,
        0.6325757575757576
      ]
    ],
    "macro_f1": 0.411989023605613,
    "per_class_recall": [
      0.48,
      0.1865079365079365,
      0.6325757575757576
    ]
  },
  "test_balanced_accuracy": 0.43302789802789804,
  "train": {
    "accuracy": 0.5278852152214598,
    "balanced_accuracy": 0.5660782839018578,
    "confusion_matrix": [
      [
        1991,
        410,
        864
      ],
      [
        1530,
        613,
        751
      ],
      [
        165,
        64,
        1627
      ]
    ],
    "confusion_matrix_normalized": [
      [
        0.6098009188361408,
        0.12557427258805512,
        0.264624808575804
      ],
      [
        0.5286800276434002,
        0.21181755355908777,
        0.25950241879751207
      ],
      [
        0.08890086206896551,
        0.034482758620689655,
        0.8766163793103449
      ]
    ],
    "macro_f1": 0.5063731873552804,
    "per_class_recall": [
      0.6098009188361408,
      0.21181755355908777,
      0.8766163793103449
    ]
  },
  "val": {
    "accuracy": 0.39100932994062765,
    "balanced_accuracy": 0.43137200740887377,
    "confusion_matrix": [
      [
        227,
        51,
        125
      ],
      [
        236,
        60,
        194
      ],
      [
        98,
        14,
        174
      ]
    ],
    "confusion_matrix_normalized": [
      [
        0.5632754342431762,
        0.12655086848635236,
        0.31017369727047145
      ],
      [
        0.4816326530612245,
        0.12244897959183673,
        0.39591836734693875
      ],
      [
        0.34265734265734266,
        0.04895104895104895,
        0.6083916083916084
      ]
    ],
    "macro_f1": 0.3709342935316228,
    "per_class_recall": [
      0.5632754342431762,
      0.12244897959183673,
      0.6083916083916084
    ]
  },
  "val_balanced_accuracy": 0.43137200740887377
}